modul,nazwa,cel,uzasadnienie,data
sporty,Valencia BC,Valencia Basket,Raport 29.09 12:00 usterka 7 (Euroliga; w bazie Valencia Basket),2026-09-29
sporty,Hapoel Jerozolima,Hapoel Jerusalem,Raport 29.09 12:00 usterka 7 (w bazie Hapoel Jerusalem),2026-09-29
sporty,Partizan Belgrad,KK Partizan,Raport 29.09 12:00 usterka 7 (w wynikach 2025/26 i 09.2026: KK Partizan),2026-09-29
sporty,Umana Reyer Venezia,Reyer Venezia,Raport 29.09 12:00 usterka 7 (sponsor Umana; w bazie Reyer Venezia),2026-09-29
sporty,Olympiakos Pireus,Olympiacos,Raport 29.09 12:00 usterka 7 (w bazie Olympiacos),2026-09-29
sporty,Saski Baskonia,Baskonia Vitoria,Raport 29.09 12:00 usterka 7 (w bazie Baskonia Vitoria),2026-09-29
sporty,Partizan,KK Partizan,Raport 29.09 12:00 usterka 7 (w wynikach: KK Partizan),2026-09-29
sporty,Chemnitz,Bv Chemnitz 99,Raport 29.09 12:00 (Tofas-Chemnitz; w wynikach Bv Chemnitz 99),2026-09-29
sporty,Niners Chemnitz,Bv Chemnitz 99,Raport 29.09 12:00 (nazwa sponsorska; w wynikach Bv Chemnitz 99),2026-09-29
