div,n,P,traf,różnica_pp
ARG,722,0.8657,0.8698,0.4110
AUT,1038,0.8379,0.8401,0.2158
Argentina | Federal A,21,0.8907,0.9048,1.4017
Argentina | Primera B Metropolitana,129,0.8514,0.8682,1.6826
Argentina | Primera C,23,0.8904,0.9130,2.2670
Argentina | Primera Nacional,106,0.8426,0.8491,0.6473
B1,1800,0.8414,0.8300,-1.1418
B2,150,0.8257,0.8333,0.7587
BOL,699,0.8578,0.8469,-1.0886
BRA,2311,0.8425,0.8533,1.0829
BRA2,795,0.8578,0.8591,0.1346
BUL,518,0.8450,0.8417,-0.3327
Belarus | Pershaya Liga,19,0.8917,0.9474,5.5716
Brazil | Gaucho A2,39,0.8885,0.8205,-6.8019
Brazil | Serie C,51,0.8549,0.8431,-1.1750
Brazil | Serie D,7,0.8506,0.4286,-42.2025
Bulgaria | Vtora Liga,8,0.8695,0.2500,-61.9470
CAN,239,0.8382,0.7950,-4.3265
CHI,436,0.8384,0.8578,1.9371
CHN,1414,0.8431,0.8246,-1.8489
COL,315,0.8589,0.8476,-1.1288
CRO,294,0.8532,0.8571,0.3986
CZE,545,0.8488,0.8716,2.2794
Chile | First Division B,32,0.9074,0.9062,-0.1105
China | League One,28,0.8969,0.7143,-18.2572
Colombia | Primera B,3,0.8506,1.0000,14.9377
Czechia | Division 2,18,0.8953,0.7222,-17.3123
D1,2022,0.8470,0.8640,1.7045
D2,1776,0.8293,0.8283,-0.0987
D3,491,0.8302,0.8493,1.9053
DEN,1211,0.8332,0.8225,-1.0726
Denmark | 1st Division,11,0.9094,0.7273,-18.2156
E0,2284,0.8350,0.8358,0.0846
E1,2461,0.8447,0.8562,1.1412
E2,2425,0.8431,0.8507,0.7573
E3,2431,0.8442,0.8482,0.3992
EC,2930,0.8366,0.8522,1.5591
ECU,589,0.8481,0.8659,1.7759
Ecuador | Serie B,65,0.8470,0.7385,-10.8519
England | National League N/S,45,0.8588,0.8444,-1.4350
Estonia | Esiliiga,29,0.8844,0.8276,-5.6823
F1,1882,0.8363,0.8193,-1.6998
F2,1386,0.8475,0.8203,-2.7142
FIN,1150,0.8334,0.8348,0.1365
Finland | Ykkonen,57,0.9084,0.7719,-13.6500
France | Ligue 3,52,0.8599,0.7500,-10.9897
G1,1254,0.8518,0.8557,0.3847
Germany | Regionalliga,18,0.8411,0.8889,4.7745
Guatemala | Primera Division,14,0.8988,1.0000,10.1186
HUN,315,0.8358,0.8349,-0.0846
I1,1967,0.8436,0.8556,1.1980
I2,1692,0.8432,0.8658,2.2612
IRL,444,0.8464,0.8378,-0.8575
IRN,257,0.8662,0.8677,0.1502
Iceland | Besta-deild karla,17,0.8901,0.8824,-0.7789
Iceland | Inkasso Deildin,12,0.8756,0.9167,4.1084
Italy | Serie C,52,0.8778,0.9038,2.6073
JAP,1326,0.8443,0.8356,-0.8689
JAP2,126,0.8601,0.7778,-8.2311
KOR,329,0.8534,0.8389,-1.4469
KSA,173,0.8562,0.8439,-1.2271
Kazakhstan | Premier League,7,0.8786,1.0000,12.1393
Lithuania | I Lyga,2,0.8988,0.5000,-39.8848
MEX,564,0.8444,0.8227,-2.1658
N1,2268,0.8449,0.8607,1.5765
N2,707,0.8326,0.8105,-2.2146
NOR,1056,0.8435,0.8617,1.8277
Norway | OBOS-ligaen,64,0.8930,0.7969,-9.6155
P1,1919,0.8531,0.8682,1.5105
PAR,270,0.8413,0.8926,5.1303
PER,506,0.8496,0.8360,-1.3631
POL,440,0.8423,0.8205,-2.1841
POL2,69,0.8337,0.7971,-3.6633
Paraguay | APF Primera B,78,0.8493,0.8590,0.9630
Paraguay | APF Primera C,12,0.8570,0.8333,-2.3664
Paraguay | Division Intermedia,108,0.8617,0.7593,-10.2445
Peru | Liga 3,34,0.8274,0.7941,-3.3270
ROM,432,0.8458,0.8449,-0.0847
RSA,235,0.8669,0.8596,-0.7310
RUS,1402,0.8430,0.8659,2.2888
Russia | Russian First League,103,0.8920,0.7573,-13.4690
SC0,1452,0.8438,0.8264,-1.7335
SC1,837,0.8389,0.8100,-2.8840
SC2,1002,0.8333,0.8523,1.8967
SC3,881,0.8379,0.8513,1.3367
SP1,2124,0.8475,0.8719,2.4456
SP2,2031,0.8491,0.8355,-1.3574
SRB,486,0.8449,0.8477,0.2811
SUI,1470,0.8320,0.8408,0.8863
SWE,885,0.8339,0.8305,-0.3388
SWE2,434,0.8369,0.8341,-0.2833
Serbia | Prva Liga,62,0.8378,0.8871,4.9315
South Korea | K League 2,18,0.8285,0.8333,0.4828
Spain | Primera Division RFEF,36,0.8384,0.8611,2.2689
T1,1819,0.8433,0.8400,-0.3300
Turkiye | 1. Lig,30,0.8529,1.0000,14.7055
UKR,265,0.8535,0.8415,-1.1958
URU,494,0.8574,0.8745,1.7105
USA,1189,0.8350,0.8242,-1.0756
USA | MLS Next Pro,28,0.8511,0.7857,-6.5389
USA | NWSL,22,0.8988,0.9091,1.0313
USA | USL League One,35,0.8789,0.9143,3.5431
USL,892,0.8386,0.8161,-2.2452
Uruguay | Segunda Division,25,0.8519,0.9200,6.8095
Uzbekistan | Super League,15,0.8895,0.8667,-2.2867
VEN,449,0.8512,0.8575,0.6290
Venezuela | Liga FUTVE 2,4,0.8353,1.0000,16.4702
