rynek,p_model,p_kalibr,n
1,0.1353,0.1540,734
1,0.2148,0.2493,734
1,0.2646,0.2616,734
1,0.2981,0.3052,734
1,0.3249,0.3151,733
1,0.3477,0.3547,733
1,0.3668,0.3929,733
1,0.3927,0.3990,1466
1,0.4180,0.4256,733
1,0.4424,0.4461,1466
1,0.4678,0.4488,733
1,0.5086,0.4866,2199
1,0.5601,0.5566,733
1,0.6010,0.6289,733
1,0.6602,0.6658,733
1,0.7802,0.7776,733
12,0.6750,0.6853,734
12,0.6974,0.6894,734
12,0.7100,0.7234,1468
12,0.7320,0.7242,5864
12,0.7553,0.7456,2932
12,0.7787,0.7578,1466
12,0.8074,0.7899,733
12,0.8616,0.8486,733
1X,0.3413,0.3828,734
1X,0.4707,0.4768,734
1X,0.5328,0.5586,734
1X,0.5739,0.5845,734
1X,0.6151,0.6248,1466
1X,0.6555,0.6753,1466
1X,0.6796,0.6862,733
1X,0.7082,0.7017,2199
1X,0.7521,0.7613,2199
1X,0.7852,0.7817,733
1X,0.8065,0.8158,733
1X,0.8328,0.8649,733
1X,0.8681,0.8649,733
1X,0.9270,0.9291,733
2,0.0730,0.0708,734
2,0.1319,0.1349,734
2,0.1673,0.1349,734
2,0.1936,0.1839,734
2,0.2149,0.2196,733
2,0.2480,0.2383,2199
2,0.2919,0.2992,2199
2,0.3205,0.3151,733
2,0.3446,0.3240,1466
2,0.3851,0.3752,1466
2,0.4262,0.4134,733
2,0.4674,0.4434,733
2,0.5295,0.5239,733
2,0.6588,0.6166,733
BTTS_nie,0.3584,0.4087,734
BTTS_nie,0.3968,0.4155,734
BTTS_nie,0.4161,0.4183,734
BTTS_nie,0.4358,0.4335,1467
BTTS_nie,0.4570,0.4400,1466
BTTS_nie,0.4750,0.4502,1466
BTTS_nie,0.4873,0.4502,733
BTTS_nie,0.4956,0.4516,733
BTTS_nie,0.5166,0.4765,2932
BTTS_nie,0.5527,0.5061,2199
BTTS_nie,0.5856,0.5157,733
BTTS_nie,0.6486,0.5621,733
BTTS_tak,0.3514,0.4373,734
BTTS_tak,0.4144,0.4850,734
BTTS_tak,0.4474,0.4939,2201
BTTS_tak,0.4834,0.5235,2932
BTTS_tak,0.5044,0.5471,733
BTTS_tak,0.5209,0.5507,2199
BTTS_tak,0.5431,0.5587,1466
BTTS_tak,0.5643,0.5675,1466
BTTS_tak,0.5840,0.5812,733
BTTS_tak,0.6033,0.5839,733
BTTS_tak,0.6416,0.5921,733
DNB_1,0.1680,0.1867,541
DNB_1,0.2841,0.3290,541
DNB_1,0.3579,0.3771,541
DNB_1,0.4102,0.3974,541
DNB_1,0.4512,0.4824,541
DNB_1,0.4848,0.5009,541
DNB_1,0.5111,0.5083,541
DNB_1,0.5473,0.5721,1082
DNB_1,0.5807,0.5804,541
DNB_1,0.6117,0.5961,1082
DNB_1,0.6677,0.6673,1623
DNB_1,0.7195,0.7190,541
DNB_1,0.7523,0.7667,540
DNB_1,0.7922,0.8241,540
DNB_1,0.8444,0.8444,540
DNB_1,0.9208,0.9222,540
DNB_2,0.0793,0.0776,541
DNB_2,0.1558,0.1553,541
DNB_2,0.2080,0.1774,541
DNB_2,0.2479,0.2329,541
DNB_2,0.2807,0.2810,541
DNB_2,0.3325,0.3327,1623
DNB_2,0.3885,0.4048,1082
DNB_2,0.4195,0.4177,541
DNB_2,0.4529,0.4288,1082
DNB_2,0.4891,0.4917,541
DNB_2,0.5154,0.5009,541
DNB_2,0.5491,0.5194,541
DNB_2,0.5901,0.6000,540
DNB_2,0.6424,0.6204,540
DNB_2,0.7162,0.6741,540
DNB_2,0.8322,0.8130,540
HT_O0.5,0.5705,0.6294,734
HT_O0.5,0.6122,0.6512,734
HT_O0.5,0.6480,0.6720,4399
HT_O0.5,0.6779,0.6962,2199
HT_O0.5,0.6899,0.6985,733
HT_O0.5,0.6963,0.7258,733
HT_O0.5,0.7140,0.7384,2932
HT_O0.5,0.7435,0.7592,1466
HT_O0.5,0.7866,0.8076,733
O0.5,0.8487,0.8924,734
O0.5,0.8808,0.9033,734
O0.5,0.8906,0.9074,734
O0.5,0.9048,0.9206,2933
O0.5,0.9150,0.9263,733
O0.5,0.9215,0.9263,2199
O0.5,0.9277,0.9318,733
O0.5,0.9308,0.9372,733
O0.5,0.9356,0.9413,1466
O0.5,0.9447,0.9436,2199
O0.5,0.9551,0.9509,733
O0.5,0.9680,0.9714,733
O1.5,0.5777,0.6553,734
O1.5,0.6510,0.6798,1468
O1.5,0.6771,0.7071,734
O1.5,0.6948,0.7135,1466
O1.5,0.7103,0.7162,733
O1.5,0.7193,0.7476,733
O1.5,0.7332,0.7517,1466
O1.5,0.7463,0.7585,733
O1.5,0.7559,0.7653,733
O1.5,0.7649,0.7681,733
O1.5,0.7742,0.7735,733
O1.5,0.7886,0.7933,1466
O1.5,0.8053,0.8076,733
O1.5,0.8282,0.8158,1466
O1.5,0.8756,0.8622,733
O2.5,0.3082,0.4292,734
O2.5,0.3806,0.4401,1468
O2.5,0.4101,0.4578,734
O2.5,0.4241,0.4679,733
O2.5,0.4482,0.4739,2199
O2.5,0.4713,0.4898,733
O2.5,0.4932,0.5043,2199
O2.5,0.5235,0.5498,1466
O2.5,0.5503,0.5525,1466
O2.5,0.5747,0.5730,733
O2.5,0.5954,0.5989,733
O2.5,0.6237,0.6003,733
O2.5,0.6922,0.6658,733
U2.5,0.3078,0.3351,734
U2.5,0.3763,0.3978,734
U2.5,0.4047,0.4019,734
U2.5,0.4254,0.4278,734
U2.5,0.4498,0.4475,1466
U2.5,0.4766,0.4502,1466
U2.5,0.5011,0.4959,1466
U2.5,0.5185,0.4966,733
U2.5,0.5288,0.5089,733
U2.5,0.5519,0.5266,2199
U2.5,0.5760,0.5307,733
U2.5,0.5900,0.5416,733
U2.5,0.6195,0.5607,1466
U2.5,0.6918,0.5703,733
U3.5,0.5193,0.5559,734
U3.5,0.5986,0.6063,734
U3.5,0.6284,0.6403,734
U3.5,0.6494,0.6730,734
U3.5,0.6798,0.6876,2199
U3.5,0.7043,0.6958,733
U3.5,0.7258,0.7167,2199
U3.5,0.7449,0.7408,733
U3.5,0.7690,0.7541,2932
U3.5,0.7947,0.7694,733
U3.5,0.8169,0.7810,1466
U3.5,0.8654,0.7981,733
U4.5,0.7083,0.7480,734
U4.5,0.7774,0.7929,734
U4.5,0.8009,0.8365,734
U4.5,0.8335,0.8415,2933
U4.5,0.8671,0.8697,2932
U4.5,0.8832,0.8731,733
U4.5,0.8893,0.8868,733
U4.5,0.9012,0.8959,2199
U4.5,0.9291,0.9100,2932
X,0.1384,0.1512,734
X,0.1927,0.2098,734
X,0.2214,0.2432,1468
X,0.2447,0.2544,2932
X,0.2681,0.2754,5864
X,0.2900,0.2769,1466
X,0.3026,0.3111,733
X,0.3250,0.3151,733
X2,0.2199,0.2221,734
X2,0.3399,0.3365,734
X2,0.3992,0.3706,734
X2,0.4401,0.4428,734
X2,0.4915,0.5134,2199
X2,0.5323,0.5498,733
X2,0.5577,0.5553,1466
X2,0.5821,0.5730,733
X2,0.6074,0.6010,1466
X2,0.6333,0.6085,733
X2,0.6525,0.6439,733
X2,0.6752,0.6862,733
X2,0.7021,0.6958,733
X2,0.7356,0.7381,733
X2,0.7853,0.7503,733
X2,0.8647,0.8458,733
gosp_O0.5,0.5249,0.5817,734
gosp_O0.5,0.6104,0.6172,734
gosp_O0.5,0.6578,0.6785,1468
gosp_O0.5,0.6880,0.7121,733
gosp_O0.5,0.7032,0.7476,733
gosp_O0.5,0.7160,0.7517,733
gosp_O0.5,0.7332,0.7688,1466
gosp_O0.5,0.7547,0.7701,1466
gosp_O0.5,0.7703,0.7899,733
gosp_O0.5,0.7931,0.7922,2199
gosp_O0.5,0.8181,0.8090,733
gosp_O0.5,0.8338,0.8336,733
gosp_O0.5,0.8537,0.8759,733
gosp_O0.5,0.8807,0.9059,733
gosp_O0.5,0.9278,0.9454,733
gość_O0.5,0.4529,0.5163,734
gość_O0.5,0.5335,0.5858,734
gość_O0.5,0.5687,0.6172,734
gość_O0.5,0.5909,0.6213,734
gość_O0.5,0.6086,0.6385,733
gość_O0.5,0.6299,0.6569,1466
gość_O0.5,0.6670,0.6801,2932
gość_O0.5,0.6962,0.7067,733
gość_O0.5,0.7085,0.7121,733
gość_O0.5,0.7215,0.7217,733
gość_O0.5,0.7355,0.7394,733
gość_O0.5,0.7507,0.7558,733
gość_O0.5,0.7693,0.7558,733
gość_O0.5,0.7931,0.7967,733
gość_O0.5,0.8233,0.8322,733
gość_O0.5,0.8808,0.8881,733
