rynek,przedzial,n,P_model,trafnosc,przesuniecie
1,"[0.7, 0.8)",1471,0.7414,0.7715,0.0
1,"[0.8, 0.9)",498,0.8405,0.8874,0.0
1,"[0.9, 1.01)",189,0.9424,0.9105,-0.0124
12,"[0.7, 0.8)",52561,0.7435,0.7511,0.0
12,"[0.8, 0.9)",4184,0.8296,0.8488,0.0
12,"[0.9, 1.01)",484,0.9384,0.9433,0.0
1X,"[0.7, 0.8)",20798,0.7473,0.7611,0.0
1X,"[0.8, 0.9)",9263,0.8394,0.8407,0.0
1X,"[0.9, 1.01)",1738,0.9348,0.9469,0.0
2,"[0.7, 0.8)",401,0.7395,0.7983,0.0
2,"[0.8, 0.9)",155,0.8444,0.8469,0.0
2,"[0.9, 1.01)",88,0.946,0.9582,0.0
BTTS_nie,"[0.7, 0.8)",381,0.7242,0.6868,-0.0209
BTTS_nie,"[0.8, 0.9)",5,0.816,1.0,0.0
BTTS_tak,"[0.7, 0.8)",289,0.7198,0.6862,-0.0165
BTTS_tak,"[0.8, 0.9)",1,0.806,1.0,0.0
DNB_1,"[0.7, 0.8)",7073,0.7448,0.7556,0.0
DNB_1,"[0.8, 0.9)",3298,0.8412,0.8497,0.0
DNB_1,"[0.9, 1.01)",1060,0.9405,0.9532,0.0
DNB_2,"[0.7, 0.8)",2130,0.7445,0.7502,0.0
DNB_2,"[0.8, 0.9)",914,0.8406,0.8615,0.0
DNB_2,"[0.9, 1.01)",327,0.9472,0.9421,-0.0027
HT_O0.5,"[0.7, 0.8)",3022,0.7268,0.7491,0.0
HT_O0.5,"[0.8, 0.9)",94,0.8285,0.8533,0.0
HT_O0.5,"[0.9, 1.01)",2,0.9066,1.0,0.0
O0.5,"[0.7, 0.8)",486,0.7799,0.7987,0.0
O0.5,"[0.8, 0.9)",17511,0.8723,0.8854,0.0
O0.5,"[0.9, 1.01)",51001,0.9331,0.9376,0.0
O1.5,"[0.7, 0.8)",36195,0.7488,0.7609,0.0
O1.5,"[0.8, 0.9)",11625,0.8327,0.8301,-0.0026
O1.5,"[0.9, 1.01)",721,0.9318,0.9289,-0.0021
O2.5,"[0.7, 0.8)",1079,0.7345,0.7316,-0.0023
O2.5,"[0.8, 0.9)",234,0.8388,0.8467,0.0
O2.5,"[0.9, 1.01)",92,0.9404,0.8726,-0.0159
U2.5,"[0.7, 0.8)",2367,0.7322,0.6837,-0.0431
U2.5,"[0.8, 0.9)",137,0.8222,0.7722,-0.0157
U2.5,"[0.9, 1.01)",1,0.9289,1.0,0.0
U3.5,"[0.7, 0.8)",32746,0.7488,0.7256,-0.0231
U3.5,"[0.8, 0.9)",13046,0.838,0.8118,-0.0256
U3.5,"[0.9, 1.01)",786,0.9166,0.8921,-0.0177
U4.5,"[0.7, 0.8)",6770,0.7661,0.7325,-0.0322
U4.5,"[0.8, 0.9)",39412,0.8596,0.8377,-0.0217
U4.5,"[0.9, 1.01)",21507,0.9282,0.9119,-0.016
X2,"[0.7, 0.8)",8971,0.741,0.73,-0.0106
X2,"[0.8, 0.9)",2581,0.8378,0.8457,0.0
X2,"[0.9, 1.01)",510,0.9399,0.9402,0.0
gosp_O0.5,"[0.7, 0.8)",32087,0.7492,0.7696,0.0
gosp_O0.5,"[0.8, 0.9)",15123,0.8387,0.8502,0.0
gosp_O0.5,"[0.9, 1.01)",2141,0.9317,0.9476,0.0
gosp_O1.5,"[0.7, 0.8)",1028,0.7408,0.7646,0.0
gosp_O1.5,"[0.8, 0.9)",333,0.8419,0.8467,0.0
gosp_O1.5,"[0.9, 1.01)",141,0.9412,0.8993,-0.0134
gość_O0.5,"[0.7, 0.8)",23321,0.7431,0.7387,-0.0043
gość_O0.5,"[0.8, 0.9)",6488,0.8367,0.8428,0.0
gość_O0.5,"[0.9, 1.01)",742,0.934,0.9259,-0.0058
gość_O1.5,"[0.7, 0.8)",320,0.7393,0.7642,0.0
gość_O1.5,"[0.8, 0.9)",140,0.8445,0.8379,-0.0021
gość_O1.5,"[0.9, 1.01)",68,0.9479,0.9301,-0.0033
