rodzina,p_model,p_kalibr,n
faule O,0.0858,0.1125,1715
faule O,0.1482,0.1644,1715
faule O,0.1979,0.2105,1715
faule O,0.2454,0.2373,1715
faule O,0.2915,0.3102,1715
faule O,0.3375,0.3487,1715
faule O,0.3831,0.3755,1715
faule O,0.4271,0.4367,1715
faule O,0.4705,0.4542,1715
faule O,0.5132,0.5201,1715
faule O,0.5540,0.5347,1715
faule O,0.5932,0.6000,1715
faule O,0.6312,0.6274,1715
faule O,0.6686,0.6542,1715
faule O,0.7035,0.6863,1715
faule O,0.7365,0.7265,1715
faule O,0.7682,0.7592,1715
faule O,0.7988,0.7708,1715
faule O,0.8275,0.8262,1715
faule O,0.8545,0.8455,1715
faule O,0.8808,0.8635,1714
faule O,0.9067,0.8985,1714
faule O,0.9320,0.9236,1714
faule O,0.9575,0.9475,1714
faule O,0.9832,0.9807,1714
faule U,0.0168,0.0192,1715
faule U,0.0425,0.0525,1715
faule U,0.0680,0.0764,1715
faule U,0.0933,0.1015,1715
faule U,0.1193,0.1382,1715
faule U,0.1456,0.1528,1715
faule U,0.1726,0.1743,1715
faule U,0.2013,0.2286,1715
faule U,0.2319,0.2420,1715
faule U,0.2636,0.2735,1715
faule U,0.2966,0.3137,1715
faule U,0.3315,0.3469,1715
faule U,0.3690,0.3708,1715
faule U,0.4069,0.4012,1715
faule U,0.4461,0.4647,1715
faule U,0.4869,0.4805,1715
faule U,0.5296,0.5458,1715
faule U,0.5730,0.5638,1715
faule U,0.6170,0.6245,1715
faule U,0.6626,0.6513,1715
faule U,0.7086,0.6902,1714
faule U,0.7547,0.7625,1714
faule U,0.8022,0.7894,1714
faule U,0.8518,0.8355,1714
faule U,0.9142,0.8874,1714
rożne O,0.1005,0.1599,2001
rożne O,0.1487,0.2004,2001
rożne O,0.1816,0.2194,2001
rożne O,0.2115,0.2544,2001
rożne O,0.2407,0.2779,2001
rożne O,0.2695,0.2894,2001
rożne O,0.2996,0.3223,2001
rożne O,0.3309,0.3403,2001
rożne O,0.3621,0.3783,2001
rożne O,0.3953,0.3998,2001
rożne O,0.4298,0.4448,2001
rożne O,0.4642,0.4663,2001
rożne O,0.4995,0.5092,2001
rożne O,0.5359,0.5342,2001
rożne O,0.5715,0.5737,2001
rożne O,0.6067,0.5975,2000
rożne O,0.6430,0.6385,2000
rożne O,0.6768,0.6645,2000
rożne O,0.7095,0.7000,2000
rożne O,0.7424,0.7210,2000
rożne O,0.7735,0.7570,2000
rożne O,0.8025,0.7850,2000
rożne O,0.8328,0.8135,2000
rożne O,0.8651,0.8350,2000
rożne O,0.9077,0.8700,2000
rożne U,0.0923,0.1299,2001
rożne U,0.1349,0.1649,2001
rożne U,0.1673,0.1864,2001
rożne U,0.1976,0.2149,2001
rożne U,0.2266,0.2439,2001
rożne U,0.2576,0.2789,2001
rożne U,0.2906,0.2999,2001
rożne U,0.3234,0.3353,2001
rożne U,0.3572,0.3628,2001
rożne U,0.3935,0.4018,2001
rożne U,0.4287,0.4268,2001
rożne U,0.4643,0.4658,2001
rożne U,0.5006,0.4923,2001
rożne U,0.5360,0.5322,2001
rożne U,0.5704,0.5557,2001
rożne U,0.6049,0.6005,2000
rożne U,0.6380,0.6215,2000
rożne U,0.6692,0.6585,2000
rożne U,0.7005,0.6790,2000
rożne U,0.7306,0.7105,2000
rożne U,0.7594,0.7230,2000
rożne U,0.7885,0.7455,2000
rożne U,0.8184,0.7800,2000
rożne U,0.8513,0.8000,2000
rożne U,0.8995,0.8400,2000
rożne gosp O,0.1271,0.1819,1429
rożne gosp O,0.1967,0.2519,1429
rożne gosp O,0.2433,0.2666,1429
rożne gosp O,0.2847,0.3317,1429
rożne gosp O,0.3213,0.3387,1429
rożne gosp O,0.3572,0.3842,1429
rożne gosp O,0.3926,0.3891,1429
rożne gosp O,0.4290,0.4367,1429
rożne gosp O,0.4643,0.4773,1429
rożne gosp O,0.4991,0.4913,1429
rożne gosp O,0.5520,0.5294,2858
rożne gosp O,0.6057,0.5843,1429
rożne gosp O,0.6410,0.6158,1429
rożne gosp O,0.6743,0.6368,1429
rożne gosp O,0.7072,0.6732,1429
rożne gosp O,0.7394,0.6809,1429
rożne gosp O,0.7702,0.7334,1429
rożne gosp O,0.8001,0.7383,1429
rożne gosp O,0.8274,0.7803,1429
rożne gosp O,0.8646,0.8132,2858
rożne gosp O,0.9004,0.8516,1429
rożne gosp O,0.9249,0.8768,1429
rożne gosp O,0.9561,0.9027,1429
rożne gosp U,0.0439,0.0973,1429
rożne gosp U,0.0751,0.1232,1429
rożne gosp U,0.0996,0.1484,1429
rożne gosp U,0.1354,0.1868,2858
rożne gosp U,0.1726,0.2197,1429
rożne gosp U,0.1999,0.2617,1429
rożne gosp U,0.2298,0.2666,1429
rożne gosp U,0.2606,0.3191,1429
rożne gosp U,0.2928,0.3268,1429
rożne gosp U,0.3257,0.3632,1429
rożne gosp U,0.3590,0.3842,1429
rożne gosp U,0.3943,0.4157,1429
rożne gosp U,0.4480,0.4706,2858
rożne gosp U,0.5009,0.5087,1429
rożne gosp U,0.5357,0.5227,1429
rożne gosp U,0.5710,0.5633,1429
rożne gosp U,0.6074,0.6109,1429
rożne gosp U,0.6428,0.6158,1429
rożne gosp U,0.6787,0.6613,1429
rożne gosp U,0.7153,0.6683,1429
rożne gosp U,0.7567,0.7334,1429
rożne gosp U,0.8033,0.7481,1429
rożne gosp U,0.8729,0.8181,1429
rożne gość O,0.0601,0.1246,1429
rożne gość O,0.1013,0.1456,1429
rożne gość O,0.1319,0.1868,1429
rożne gość O,0.1748,0.2180,2858
rożne gość O,0.2163,0.2575,1429
rożne gość O,0.2458,0.2617,1429
rożne gość O,0.2761,0.2995,1429
rożne gość O,0.3242,0.3293,2858
rożne gość O,0.3914,0.3772,2858
rożne gość O,0.4457,0.4556,1429
rożne gość O,0.4838,0.4724,1429
rożne gość O,0.5218,0.4941,1429
rożne gość O,0.5598,0.5304,1429
rożne gość O,0.5982,0.5451,1429
rożne gość O,0.6369,0.5934,1429
rożne gość O,0.6743,0.6130,1429
rożne gość O,0.7299,0.6875,2858
rożne gość O,0.7822,0.7390,1429
rożne gość O,0.8169,0.7509,1429
rożne gość O,0.8545,0.7859,1429
rożne gość O,0.9077,0.8488,1429
rożne gość U,0.0923,0.1512,1429
rożne gość U,0.1455,0.2141,1429
rożne gość U,0.1831,0.2491,1429
rożne gość U,0.2178,0.2610,1429
rożne gość U,0.2701,0.3125,2858
rożne gość U,0.3257,0.3870,1429
rożne gość U,0.3631,0.4066,1429
rożne gość U,0.4018,0.4549,1429
rożne gość U,0.4402,0.4696,1429
rożne gość U,0.4782,0.5059,1429
rożne gość U,0.5162,0.5276,1429
rożne gość U,0.5543,0.5444,1429
rożne gość U,0.6086,0.6228,2858
rożne gość U,0.6758,0.6707,2858
rożne gość U,0.7239,0.7005,1429
rożne gość U,0.7542,0.7383,1429
rożne gość U,0.7837,0.7425,1429
rożne gość U,0.8252,0.7820,2858
rożne gość U,0.8681,0.8132,1429
rożne gość U,0.8987,0.8544,1429
rożne gość U,0.9399,0.8754,1429
strzały_celne O,0.1160,0.1942,1715
strzały_celne O,0.1723,0.2070,1715
strzały_celne O,0.2098,0.2501,1715
strzały_celne O,0.2443,0.2606,1715
strzały_celne O,0.2752,0.3050,1715
strzały_celne O,0.3065,0.3341,1715
strzały_celne O,0.3379,0.3563,1715
strzały_celne O,0.3694,0.3755,1715
strzały_celne O,0.4000,0.4216,1715
strzały_celne O,0.4319,0.4397,1715
strzały_celne O,0.4649,0.4729,1715
strzały_celne O,0.4979,0.4886,1715
strzały_celne O,0.5301,0.5440,1715
strzały_celne O,0.5628,0.5679,1715
strzały_celne O,0.5963,0.6064,1715
strzały_celne O,0.6291,0.6227,1715
strzały_celne O,0.6607,0.6612,1715
strzały_celne O,0.6914,0.6962,1715
strzały_celne O,0.7226,0.7131,1715
strzały_celne O,0.7522,0.7487,1715
strzały_celne O,0.7806,0.7748,1714
strzały_celne O,0.8091,0.7964,1714
strzały_celne O,0.8393,0.8186,1714
strzały_celne O,0.8716,0.8594,1714
strzały_celne O,0.9189,0.8961,1714
strzały_celne U,0.0811,0.1044,1715
strzały_celne U,0.1284,0.1411,1715
strzały_celne U,0.1608,0.1802,1715
strzały_celne U,0.1909,0.2041,1715
strzały_celne U,0.2195,0.2251,1715
strzały_celne U,0.2478,0.2519,1715
strzały_celne U,0.2775,0.2863,1715
strzały_celne U,0.3087,0.3050,1715
strzały_celne U,0.3394,0.3388,1715
strzały_celne U,0.3710,0.3778,1715
strzały_celne U,0.4038,0.3930,1715
strzały_celne U,0.4373,0.4315,1715
strzały_celne U,0.4700,0.4560,1715
strzały_celne U,0.5022,0.5114,1715
strzały_celne U,0.5352,0.5271,1715
strzały_celne U,0.5682,0.5603,1715
strzały_celne U,0.6001,0.5796,1715
strzały_celne U,0.6307,0.6233,1715
strzały_celne U,0.6622,0.6449,1715
strzały_celne U,0.6936,0.6659,1715
strzały_celne U,0.7248,0.6949,1714
strzały_celne U,0.7558,0.7398,1714
strzały_celne U,0.7902,0.7491,1714
strzały_celne U,0.8277,0.7929,1714
strzały_celne U,0.8840,0.8063,1714
strzały_celne gosp O,0.1411,0.1757,1144
strzały_celne gosp O,0.2070,0.2439,1144
strzały_celne gosp O,0.2515,0.2657,1144
strzały_celne gosp O,0.2875,0.2937,1144
strzały_celne gosp O,0.3372,0.3463,2287
strzały_celne gosp O,0.3859,0.3902,1143
strzały_celne gosp O,0.4182,0.4191,1143
strzały_celne gosp O,0.4486,0.4646,1143
strzały_celne gosp O,0.4798,0.4803,1143
strzały_celne gosp O,0.5263,0.5175,2286
strzały_celne gosp O,0.5724,0.5678,1143
strzały_celne gosp O,0.6037,0.5888,1143
strzały_celne gosp O,0.6337,0.6404,1143
strzały_celne gosp O,0.6640,0.6404,1143
strzały_celne gosp O,0.6930,0.6807,1143
strzały_celne gosp O,0.7209,0.6955,1143
strzały_celne gosp O,0.7484,0.7349,1143
strzały_celne gosp O,0.7755,0.7717,1143
strzały_celne gosp O,0.8016,0.7883,1143
strzały_celne gosp O,0.8411,0.8255,2286
strzały_celne gosp O,0.8856,0.8688,1143
strzały_celne gosp O,0.9327,0.9431,1143
strzały_celne gosp U,0.0674,0.0568,1144
strzały_celne gosp U,0.1144,0.1311,1144
strzały_celne gosp U,0.1590,0.1748,2288
strzały_celne gosp U,0.1985,0.2107,1144
strzały_celne gosp U,0.2246,0.2292,1143
strzały_celne gosp U,0.2517,0.2660,1143
strzały_celne gosp U,0.2792,0.3045,1143
strzały_celne gosp U,0.3071,0.3211,1143
strzały_celne gosp U,0.3362,0.3578,1143
strzały_celne gosp U,0.3664,0.3587,1143
strzały_celne gosp U,0.3964,0.4121,1143
strzały_celne gosp U,0.4277,0.4313,1143
strzały_celne gosp U,0.4738,0.4829,2286
strzały_celne gosp U,0.5203,0.5214,1143
strzały_celne gosp U,0.5515,0.5346,1143
strzały_celne gosp U,0.5820,0.5818,1143
strzały_celne gosp U,0.6142,0.6098,1143
strzały_celne gosp U,0.6629,0.6531,2286
strzały_celne gosp U,0.7126,0.7060,1143
strzały_celne gosp U,0.7486,0.7358,1143
strzały_celne gosp U,0.7930,0.7559,1143
strzały_celne gosp U,0.8589,0.8241,1143
strzały_celne gość O,0.0711,0.1075,1144
strzały_celne gość O,0.1139,0.1451,1144
strzały_celne gość O,0.1449,0.1722,1144
strzały_celne gość O,0.1716,0.1976,1144
strzały_celne gość O,0.1987,0.2220,1144
strzały_celne gość O,0.2261,0.2371,1143
strzały_celne gość O,0.2526,0.2756,1143
strzały_celne gość O,0.2797,0.2800,1143
strzały_celne gość O,0.3070,0.3185,1143
strzały_celne gość O,0.3363,0.3465,1143
strzały_celne gość O,0.3660,0.3771,1143
strzały_celne gość O,0.3965,0.4016,1143
strzały_celne gość O,0.4269,0.4287,1143
strzały_celne gość O,0.4586,0.4497,1143
strzały_celne gość O,0.4915,0.5092,1143
strzały_celne gość O,0.5249,0.5162,1143
strzały_celne gość O,0.5581,0.5494,1143
strzały_celne gość O,0.5903,0.5608,1143
strzały_celne gość O,0.6231,0.6072,1143
strzały_celne gość O,0.6562,0.6369,1143
strzały_celne gość O,0.6902,0.6719,1143
strzały_celne gość O,0.7252,0.6912,1143
strzały_celne gość O,0.7626,0.7253,1143
strzały_celne gość O,0.8042,0.7655,1143
strzały_celne gość O,0.8744,0.8250,1143
strzały_celne gość U,0.1257,0.1748,1144
strzały_celne gość U,0.1959,0.2343,1144
strzały_celne gość U,0.2375,0.2753,1144
strzały_celne gość U,0.2749,0.3077,1144
strzały_celne gość U,0.3099,0.3295,1144
strzały_celne gość U,0.3439,0.3631,1143
strzały_celne gość U,0.3771,0.3937,1143
strzały_celne gość U,0.4099,0.4392,1143
strzały_celne gość U,0.4420,0.4497,1143
strzały_celne gość U,0.4753,0.4829,1143
strzały_celne gość U,0.5086,0.4926,1143
strzały_celne gość U,0.5415,0.5494,1143
strzały_celne gość U,0.5732,0.5731,1143
strzały_celne gość U,0.6036,0.5984,1143
strzały_celne gość U,0.6341,0.6212,1143
strzały_celne gość U,0.6638,0.6535,1143
strzały_celne gość U,0.6931,0.6824,1143
strzały_celne gość U,0.7204,0.7209,1143
strzały_celne gość U,0.7476,0.7235,1143
strzały_celne gość U,0.7740,0.7629,1143
strzały_celne gość U,0.8014,0.7787,1143
strzały_celne gość U,0.8284,0.8031,1143
strzały_celne gość U,0.8551,0.8276,1143
strzały_celne gość U,0.8862,0.8548,1143
strzały_celne gość U,0.9289,0.8924,1143
żółte O,0.0470,0.0655,1847
żółte O,0.0824,0.0964,1847
żółte O,0.1119,0.1100,1846
żółte O,0.1413,0.1425,1846
żółte O,0.1712,0.1712,1846
żółte O,0.2027,0.2048,1846
żółte O,0.2370,0.2362,1846
żółte O,0.2725,0.2801,1846
żółte O,0.3104,0.3066,1846
żółte O,0.3512,0.3369,1846
żółte O,0.3946,0.3965,1846
żółte O,0.4382,0.4372,1846
żółte O,0.4853,0.4816,1846
żółte O,0.5333,0.5125,1846
żółte O,0.5816,0.5834,1846
żółte O,0.6286,0.6306,1846
żółte O,0.6762,0.6771,1846
żółte O,0.7218,0.7026,1846
żółte O,0.7649,0.7589,1846
żółte O,0.8058,0.8088,1846
żółte O,0.8432,0.8277,1846
żółte O,0.8758,0.8770,1846
żółte O,0.9029,0.8776,1846
żółte O,0.9291,0.9220,1846
żółte O,0.9602,0.9274,1846
żółte U,0.0398,0.0726,1847
żółte U,0.0709,0.0785,1847
żółte U,0.0971,0.1219,1846
żółte U,0.1242,0.1235,1846
żółte U,0.1568,0.1717,1846
żółte U,0.1942,0.1912,1846
żółte U,0.2352,0.2411,1846
żółte U,0.2782,0.2974,1846
żółte U,0.3239,0.3229,1846
żółte U,0.3715,0.3700,1846
żółte U,0.4185,0.4166,1846
żółte U,0.4667,0.4875,1846
żółte U,0.5148,0.5184,1846
żółte U,0.5618,0.5634,1846
żółte U,0.6054,0.6035,1846
żółte U,0.6489,0.6631,1846
żółte U,0.6897,0.6928,1846
żółte U,0.7275,0.7205,1846
żółte U,0.7631,0.7633,1846
żółte U,0.7973,0.7958,1846
żółte U,0.8288,0.8288,1846
żółte U,0.8587,0.8575,1846
żółte U,0.8881,0.8900,1846
żółte U,0.9176,0.9036,1846
żółte U,0.9531,0.9345,1846
żółte gosp O,0.1365,0.1504,924
żółte gosp O,0.1964,0.2102,923
żółte gosp O,0.2523,0.2541,1846
żółte gosp O,0.3008,0.3153,923
żółte gosp O,0.3322,0.3413,923
żółte gosp O,0.3655,0.3694,923
żółte gosp O,0.3995,0.3954,923
żółte gosp O,0.4342,0.4410,923
żółte gosp O,0.4688,0.4702,923
żółte gosp O,0.5025,0.4930,923
żółte gosp O,0.5340,0.5395,923
żółte gosp O,0.5663,0.5623,923
żółte gosp O,0.5998,0.6132,923
żółte gosp O,0.6379,0.6522,923
żółte gosp O,0.6799,0.6826,923
żółte gosp O,0.7243,0.7454,923
żółte gosp O,0.7650,0.7616,923
żółte gosp O,0.7965,0.8321,923
żółte gosp O,0.8208,0.8321,923
żółte gosp O,0.8408,0.8516,923
żółte gosp O,0.8594,0.8765,923
żółte gosp O,0.8785,0.8884,923
żółte gosp O,0.8995,0.9079,923
żółte gosp O,0.9311,0.9231,923
żółte gosp U,0.0690,0.0768,924
żółte gosp U,0.1006,0.0921,923
żółte gosp U,0.1216,0.1116,923
żółte gosp U,0.1406,0.1246,923
żółte gosp U,0.1592,0.1473,923
żółte gosp U,0.1793,0.1679,923
żółte gosp U,0.2035,0.1679,923
żółte gosp U,0.2350,0.2384,923
żółte gosp U,0.2757,0.2546,923
żółte gosp U,0.3201,0.3174,923
żółte gosp U,0.3622,0.3478,923
żółte gosp U,0.4002,0.3879,923
żółte gosp U,0.4337,0.4366,923
żółte gosp U,0.4660,0.4605,923
żółte gosp U,0.4976,0.5070,923
żółte gosp U,0.5313,0.5298,923
żółte gosp U,0.5658,0.5590,923
żółte gosp U,0.6006,0.6046,923
żółte gosp U,0.6346,0.6306,923
żółte gosp U,0.6678,0.6598,923
żółte gosp U,0.6992,0.6847,923
żółte gosp U,0.7477,0.7459,1846
żółte gosp U,0.8037,0.7898,923
żółte gosp U,0.8636,0.8494,923
żółte gość O,0.2032,0.2489,924
żółte gość O,0.2646,0.2914,923
żółte gość O,0.3035,0.3489,923
żółte gość O,0.3533,0.3499,1846
żółte gość O,0.4045,0.4009,923
żółte gość O,0.4405,0.4572,923
żółte gość O,0.4755,0.4680,923
żółte gość O,0.5092,0.5428,923
żółte gość O,0.5422,0.5460,923
żółte gość O,0.5731,0.6035,923
żółte gość O,0.6020,0.6273,923
żółte gość O,0.6311,0.6468,923
żółte gość O,0.6623,0.6620,923
żółte gość O,0.6977,0.7129,923
żółte gość O,0.7358,0.7302,923
żółte gość O,0.7799,0.7779,923
żółte gość O,0.8161,0.8440,923
żółte gość O,0.8408,0.8581,923
żółte gość O,0.8594,0.8776,923
żółte gość O,0.8755,0.9014,923
żółte gość O,0.8903,0.9025,923
żółte gość O,0.9139,0.9177,1846
żółte gość O,0.9454,0.9317,923
żółte gość U,0.0546,0.0682,924
żółte gość U,0.0862,0.0823,1846
żółte gość U,0.1097,0.0975,923
żółte gość U,0.1245,0.0986,923
żółte gość U,0.1406,0.1224,923
żółte gość U,0.1593,0.1430,923
żółte gość U,0.1840,0.1549,923
żółte gość U,0.2201,0.2221,923
żółte gość U,0.2642,0.2698,923
żółte gość U,0.3024,0.2871,923
żółte gość U,0.3377,0.3380,923
żółte gość U,0.3689,0.3543,923
żółte gość U,0.3980,0.3716,923
żółte gość U,0.4269,0.3976,923
żółte gość U,0.4579,0.4529,923
żółte gość U,0.4908,0.4583,923
żółte gość U,0.5246,0.5309,923
żółte gość U,0.5595,0.5428,923
żółte gość U,0.5955,0.6002,923
żółte gość U,0.6467,0.6501,1846
żółte gość U,0.6966,0.6511,923
żółte gość U,0.7354,0.7086,923
żółte gość U,0.7969,0.7508,923
