sport,liga,sezon,data,druzyna,gp,w,d,l,otw,otl,gf,ga
hokej,KHL,2025-26,2026-03-15,Lokomotiv Yaroslavl,68,34,0,16,12,6,185,135
hokej,KHL,2025-26,2026-03-15,Dinamo Minsk,68,33,0,19,6,10,247,173
hokej,KHL,2025-26,2026-03-15,Severstal Cherepovets,68,29,0,22,11,6,197,185
hokej,KHL,2025-26,2026-03-15,CSKA Moscow,68,33,0,22,5,8,162,144
hokej,KHL,2025-26,2026-03-15,SKA Saint Petersburg,68,28,0,24,9,7,197,170
hokej,KHL,2025-26,2026-03-15,Torpedo Nizhny Novgorod,68,27,0,24,10,7,191,191
hokej,KHL,2025-26,2026-03-15,Dynamo Moscow,68,26,0,25,12,5,188,174
hokej,KHL,2025-26,2026-03-15,Spartak Moscow,68,29,0,24,6,9,204,201
hokej,KHL,2025-26,2026-03-15,Shanghai Dragons,68,16,0,35,5,12,166,238
hokej,KHL,2025-26,2026-03-15,Lada Togliatti,68,17,0,41,3,7,157,240
hokej,KHL,2025-26,2026-03-15,HC Sochi,68,16,0,42,2,8,139,233
hokej,KHL,2025-26,2026-03-15,Metallurg Magnitogorsk,68,37,0,12,12,7,252,184
hokej,KHL,2025-26,2026-03-15,Avangard Omsk,68,36,0,16,11,5,228,159
hokej,KHL,2025-26,2026-03-15,Ak Bars Kazan,68,38,0,17,5,8,212,169
hokej,KHL,2025-26,2026-03-15,Avtomobilist Yekaterinburg,68,32,0,24,8,4,206,164
hokej,KHL,2025-26,2026-03-15,Salavat Yulaev Ufa,68,27,0,26,9,6,180,171
hokej,KHL,2025-26,2026-03-15,Traktor Chelyabinsk,68,28,0,26,5,9,205,195
hokej,KHL,2025-26,2026-03-15,Neftekhimik Nizhnekamsk,68,25,0,31,9,3,170,188
hokej,KHL,2025-26,2026-03-15,Sibir Novosibirsk,68,15,0,29,15,9,160,195
hokej,KHL,2025-26,2026-03-15,Amur Khabarovsk,68,22,0,34,4,8,157,192
hokej,KHL,2025-26,2026-03-15,Barys Astana,68,16,0,35,5,12,154,208
hokej,KHL,2025-26,2026-03-15,Admiral Vladivostok,68,16,0,36,4,12,161,209
hokej,SHL,2025-26,2026-03-15,Skellefteå AIK,52,30,0,10,6,6,182,121
hokej,SHL,2025-26,2026-03-15,Frölunda HC,52,30,0,15,4,3,161,106
hokej,SHL,2025-26,2026-03-15,Växjö Lakers,52,26,0,16,6,4,150,136
hokej,SHL,2025-26,2026-03-15,Rögle BK,52,25,0,14,5,8,155,123
hokej,SHL,2025-26,2026-03-15,Färjestad BK,52,21,0,20,6,5,145,131
hokej,SHL,2025-26,2026-03-15,Brynäs IF,52,19,0,20,8,5,154,143
hokej,SHL,2025-26,2026-03-15,Luleå HF,52,21,0,22,5,4,139,134
hokej,SHL,2025-26,2026-03-15,Malmö Redhawks,52,21,0,23,6,2,143,154
hokej,SHL,2025-26,2026-03-15,Djurgårdens IF,52,20,0,24,5,3,136,164
hokej,SHL,2025-26,2026-03-15,Örebro HK,52,17,0,24,4,7,139,158
hokej,SHL,2025-26,2026-03-15,Linköping HC,52,17,0,26,4,5,119,148
hokej,SHL,2025-26,2026-03-15,Timrå IK,52,17,0,27,4,4,127,148
hokej,SHL,2025-26,2026-03-15,Leksands IF,52,16,0,27,2,7,112,160
hokej,Liiga,2025-26,2026-03-15,Tappara,60,35,0,16,3,6,226,149
hokej,Liiga,2025-26,2026-03-15,KooKoo,60,33,0,18,7,2,217,155
hokej,Liiga,2025-26,2026-03-15,SaiPa,60,31,0,16,6,7,204,162
hokej,Liiga,2025-26,2026-03-15,Ilves,60,29,0,19,8,4,186,152
hokej,Liiga,2025-26,2026-03-15,Lukko,60,28,0,19,9,4,185,157
hokej,Liiga,2025-26,2026-03-15,JYP,60,26,0,17,11,6,202,180
hokej,Liiga,2025-26,2026-03-15,KalPa,60,28,0,19,7,6,185,179
hokej,Liiga,2025-26,2026-03-15,Ässät,60,26,0,24,6,4,170,165
hokej,Liiga,2025-26,2026-03-15,Kiekko-Espoo,60,23,0,21,5,11,157,155
hokej,Liiga,2025-26,2026-03-15,HIFK,60,25,0,26,4,5,149,183
hokej,Liiga,2025-26,2026-03-15,Pelicans,60,20,0,24,9,7,137,156
hokej,Liiga,2025-26,2026-03-15,HPK,60,16,0,26,9,9,144,167
hokej,Liiga,2025-26,2026-03-15,TPS,60,16,0,28,7,9,141,177
hokej,Liiga,2025-26,2026-03-15,Kärpät,60,16,0,32,6,6,175,197
hokej,Liiga,2025-26,2026-03-15,Jukurit,60,15,0,32,6,7,131,171
hokej,Liiga,2025-26,2026-03-15,Sport,60,9,0,39,1,11,108,212
hokej,Extraliga CZ,2025-26,2026-03-15,Pardubice,52,26,0,12,7,7,165,117
hokej,Extraliga CZ,2025-26,2026-03-15,Plzeň,52,25,0,14,5,8,142,104
hokej,Extraliga CZ,2025-26,2026-03-15,Liberec,52,25,0,14,3,10,148,121
hokej,Extraliga CZ,2025-26,2026-03-15,Mountfield HK,52,24,0,18,8,2,141,120
hokej,Extraliga CZ,2025-26,2026-03-15,Třinec,52,23,0,18,7,4,148,131
hokej,Extraliga CZ,2025-26,2026-03-15,Karlovy Vary,52,22,0,17,8,5,138,130
hokej,Extraliga CZ,2025-26,2026-03-15,Sparta Praha,52,23,0,18,6,5,161,135
hokej,Extraliga CZ,2025-26,2026-03-15,Kometa Brno,52,20,0,21,5,6,141,149
hokej,Extraliga CZ,2025-26,2026-03-15,České Budějovice,52,18,0,22,6,6,143,148
hokej,Extraliga CZ,2025-26,2026-03-15,Kladno,52,18,0,23,5,6,129,137
hokej,Extraliga CZ,2025-26,2026-03-15,Vítkovice,52,18,0,23,5,6,135,160
hokej,Extraliga CZ,2025-26,2026-03-15,Olomouc,52,19,0,27,3,3,124,158
hokej,Extraliga CZ,2025-26,2026-03-15,Mladá Boleslav,52,15,0,26,6,5,102,140
hokej,Extraliga CZ,2025-26,2026-03-15,Litvínov,52,11,0,34,3,4,107,174
hokej,DEL,2025-26,2026-03-15,Kölner Haie,52,36,0,11,3,2,200,136
hokej,DEL,2025-26,2026-03-15,Adler Mannheim,52,29,0,13,6,4,182,122
hokej,DEL,2025-26,2026-03-15,Straubing Tigers,52,32,0,17,2,1,180,150
hokej,DEL,2025-26,2026-03-15,EHC Red Bull München,52,29,0,15,5,3,179,126
hokej,DEL,2025-26,2026-03-15,ERC Ingolstadt,52,28,0,19,5,0,197,152
hokej,DEL,2025-26,2026-03-15,Eisbären Berlin,52,23,0,19,6,4,171,157
hokej,DEL,2025-26,2026-03-15,Fischtown Pinguins,52,24,0,21,4,3,162,154
hokej,DEL,2025-26,2026-03-15,Grizzlys Wolfsburg,52,20,0,22,3,7,156,153
hokej,DEL,2025-26,2026-03-15,Schwenninger Wild Wings,52,21,0,25,3,3,147,157
hokej,DEL,2025-26,2026-03-15,Nürnberg Ice Tigers,52,20,0,26,2,4,162,178
hokej,DEL,2025-26,2026-03-15,Augsburger Panther,52,13,0,24,6,9,150,189
hokej,DEL,2025-26,2026-03-15,Iserlohn Roosters,52,14,0,28,6,4,131,167
hokej,DEL,2025-26,2026-03-15,Löwen Frankfurt,52,13,0,28,3,8,132,196
hokej,DEL,2025-26,2026-03-15,Dresdner Eislöwen,52,6,0,40,2,4,109,221
hokej,National League CH,2025-26,2026-03-15,HC Davos,52,34,0,8,5,5,191,120
hokej,National League CH,2025-26,2026-03-15,HC Fribourg-Gottéron,52,24,0,13,13,2,172,126
hokej,National League CH,2025-26,2026-03-15,Genève-Servette HC,52,26,0,18,5,3,162,147
hokej,National League CH,2025-26,2026-03-15,ZSC Lions,52,25,0,15,4,8,147,115
hokej,National League CH,2025-26,2026-03-15,HC Lugano,52,26,0,17,2,7,150,120
hokej,National League CH,2025-26,2026-03-15,Lausanne HC,52,22,0,18,7,5,155,137
hokej,National League CH,2025-26,2026-03-15,SC Rapperswil-Jona Lakers,52,21,0,19,6,6,150,154
hokej,National League CH,2025-26,2026-03-15,EV Zug,52,20,0,20,3,9,126,145
hokej,National League CH,2025-26,2026-03-15,SC Bern,52,15,0,23,9,5,118,128
hokej,National League CH,2025-26,2026-03-15,EHC Biel,52,14,0,23,10,5,143,165
hokej,National League CH,2025-26,2026-03-15,SCL Tigers,52,16,0,24,4,8,140,147
hokej,National League CH,2025-26,2026-03-15,EHC Kloten,52,15,0,24,5,8,117,143
hokej,Extraliga SK,2025-26,2026-03-15,Nitra,50,29,0,11,6,4,172,118
hokej,Extraliga SK,2025-26,2026-03-15,Košice,50,26,0,14,2,8,141,121
hokej,Extraliga SK,2025-26,2026-03-15,Žilina,50,24,0,16,5,5,153,134
hokej,Extraliga SK,2025-26,2026-03-15,Banská Bystrica,50,23,0,18,5,4,167,146
hokej,Extraliga SK,2025-26,2026-03-15,Poprad,50,19,0,18,8,5,162,133
hokej,Extraliga SK,2025-26,2026-03-15,Spišská Nová Ves,50,19,0,21,5,5,129,139
hokej,Extraliga SK,2025-26,2026-03-15,Liptovský Mikuláš,50,16,0,20,6,8,153,163
hokej,Extraliga SK,2025-26,2026-03-15,Michalovce,50,17,0,23,4,6,156,168
hokej,Extraliga SK,2025-26,2026-03-15,Zvolen,50,14,0,23,9,4,152,163
hokej,Extraliga SK,2025-26,2026-03-15,Trenčín,50,13,0,24,3,10,112,150
hokej,Extraliga SK,2025-26,2026-03-15,Prešov,50,9,0,35,4,2,94,195
koszykówka,PLK,2025-26,2026-05-08,Legia Warsaw,30,22,0,8,0,0,2603,2401
koszykówka,PLK,2025-26,2026-05-08,Wilki Morskie Szczecin,30,21,0,9,0,0,2538,2479
koszykówka,PLK,2025-26,2026-05-08,Śląsk Wrocław,30,20,0,10,0,0,2687,2537
koszykówka,PLK,2025-26,2026-05-08,Trefl Sopot,30,19,0,11,0,0,2640,2534
koszykówka,PLK,2025-26,2026-05-08,Dziki Warsaw,30,18,0,12,0,0,2726,2549
koszykówka,PLK,2025-26,2026-05-08,Arka Gdynia,30,18,0,12,0,0,2570,2465
koszykówka,PLK,2025-26,2026-05-08,Anwil Włocławek,30,17,0,13,0,0,2653,2537
koszykówka,PLK,2025-26,2026-05-08,Zastal Zielona Góra,30,16,0,14,0,0,2538,2438
koszykówka,PLK,2025-26,2026-05-08,MKS Dąbrowa Górnicza,30,16,0,14,0,0,2651,2600
koszykówka,PLK,2025-26,2026-05-08,Stal Ostrów Wielkopolski,30,16,0,14,0,0,2485,2524
koszykówka,PLK,2025-26,2026-05-08,Górnik Wałbrzych,30,15,0,15,0,0,2464,2532
koszykówka,PLK,2025-26,2026-05-08,Twarde Pierniki Toruń,30,12,0,18,0,0,2647,2716
koszykówka,PLK,2025-26,2026-05-08,Start Lublin,30,10,0,20,0,0,2489,2717
koszykówka,PLK,2025-26,2026-05-08,Czarni Słupsk,30,9,0,21,0,0,2491,2621
koszykówka,PLK,2025-26,2026-05-08,GTK Gliwice,30,7,0,23,0,0,2419,2676
koszykówka,PLK,2025-26,2026-05-08,Miasto Szkła Krosno,30,4,0,26,0,0,2449,2724
koszykówka,ACB,2025-26,2026-05-29,Real Madrid,34,26,0,8,0,0,3160,2906
koszykówka,ACB,2025-26,2026-05-29,Valencia Basket,34,25,0,9,0,0,3218,2829
koszykówka,ACB,2025-26,2026-05-29,Baskonia,34,25,0,9,0,0,3177,2950
koszykówka,ACB,2025-26,2026-05-29,UCAM Murcia,34,25,0,9,0,0,3113,2876
koszykówka,ACB,2025-26,2026-05-29,Barcelona,34,24,0,10,0,0,3046,2815
koszykówka,ACB,2025-26,2026-05-29,Joventut Badalona,34,22,0,12,0,0,2906,2766
koszykówka,ACB,2025-26,2026-05-29,Bilbao Basket,34,19,0,15,0,0,2884,2924
koszykówka,ACB,2025-26,2026-05-29,La Laguna Tenerife,34,18,0,16,0,0,3040,2940
koszykówka,ACB,2025-26,2026-05-29,Unicaja,34,17,0,17,0,0,2978,2956
koszykówka,ACB,2025-26,2026-05-29,Bàsquet Manresa,34,16,0,18,0,0,2932,3080
koszykówka,ACB,2025-26,2026-05-29,Río Breogán,34,15,0,19,0,0,3094,3171
koszykówka,ACB,2025-26,2026-05-29,Bàsquet Girona,34,14,0,20,0,0,2913,3024
koszykówka,ACB,2025-26,2026-05-29,San Pablo Burgos,34,12,0,22,0,0,3049,3152
koszykówka,ACB,2025-26,2026-05-29,Força Lleida,34,12,0,22,0,0,2856,3097
koszykówka,ACB,2025-26,2026-05-29,Casademont Zaragoza,34,10,0,24,0,0,2962,3176
koszykówka,ACB,2025-26,2026-05-29,MoraBanc Andorra,34,10,0,24,0,0,2976,3169
koszykówka,ACB,2025-26,2026-05-29,Gran Canaria,34,10,0,24,0,0,2764,2932
koszykówka,ACB,2025-26,2026-05-29,Covirán Granada,34,6,0,28,0,0,2848,3153
koszykówka,EuroLeague,2025-26,2026-04-17,Olympiacos,38,26,0,12,0,0,3406,3144
koszykówka,EuroLeague,2025-26,2026-04-17,Valencia Basket,38,25,0,13,0,0,3418,3243
koszykówka,EuroLeague,2025-26,2026-04-17,Real Madrid,38,24,0,14,0,0,3342,3156
koszykówka,EuroLeague,2025-26,2026-04-17,Fenerbahçe,38,24,0,14,0,0,3114,3061
koszykówka,EuroLeague,2025-26,2026-04-17,Žalgiris Kaunas,38,23,0,15,0,0,3304,3125
koszykówka,EuroLeague,2025-26,2026-04-17,Hapoel Tel Aviv,38,23,0,15,0,0,3329,3211
koszykówka,EuroLeague,2025-26,2026-04-17,Panathinaikos,38,22,0,16,0,0,3314,3228
koszykówka,EuroLeague,2025-26,2026-04-17,AS Monaco,38,22,0,16,0,0,3417,3282
koszykówka,EuroLeague,2025-26,2026-04-17,Barcelona,38,21,0,17,0,0,3167,3147
koszykówka,EuroLeague,2025-26,2026-04-17,Crvena zvezda,38,21,0,17,0,0,3287,3245
koszykówka,EuroLeague,2025-26,2026-04-17,Dubai Basketball,38,19,0,19,0,0,3324,3325
koszykówka,EuroLeague,2025-26,2026-04-17,Maccabi Tel Aviv,38,18,0,20,0,0,3386,3486
koszykówka,EuroLeague,2025-26,2026-04-17,Bayern Munich,38,17,0,21,0,0,3063,3168
koszykówka,EuroLeague,2025-26,2026-04-17,Olimpia Milano,38,17,0,21,0,0,3246,3294
koszykówka,EuroLeague,2025-26,2026-04-17,Partizan,38,16,0,22,0,0,3052,3242
koszykówka,EuroLeague,2025-26,2026-04-17,Paris Basketball,38,15,0,23,0,0,3422,3456
koszykówka,EuroLeague,2025-26,2026-04-17,Virtus Bologna,38,14,0,24,0,0,3110,3285
koszykówka,EuroLeague,2025-26,2026-04-17,Baskonia,38,13,0,25,0,0,3321,3483
koszykówka,EuroLeague,2025-26,2026-04-17,Anadolu Efes,38,12,0,26,0,0,2991,3151
koszykówka,EuroLeague,2025-26,2026-04-17,ASVEL,38,8,0,30,0,0,2989,3270
koszykówka,EuroCup,2025-26,2026-02-11,Hapoel Jerusalem,18,13,0,5,0,0,1702,1506
koszykówka,EuroCup,2025-26,2026-02-11,Bahçeşehir Koleji,18,12,0,6,0,0,1593,1475
koszykówka,EuroCup,2025-26,2026-02-11,Cedevita Olimpija,18,12,0,6,0,0,1596,1413
koszykówka,EuroCup,2025-26,2026-02-11,Reyer Venezia,18,11,0,7,0,0,1593,1538
koszykówka,EuroCup,2025-26,2026-02-11,Bàsquet Manresa,18,11,0,7,0,0,1624,1619
koszykówka,EuroCup,2025-26,2026-02-11,U-BT Cluj-Napoca,18,9,0,9,0,0,1714,1657
koszykówka,EuroCup,2025-26,2026-02-11,Aris Thessaloniki,18,8,0,10,0,0,1500,1593
koszykówka,EuroCup,2025-26,2026-02-11,Neptūnas Klaipėda,18,7,0,11,0,0,1637,1725
koszykówka,EuroCup,2025-26,2026-02-11,Śląsk Wrocław,18,5,0,13,0,0,1516,1680
koszykówka,EuroCup,2025-26,2026-02-11,Veolia Towers Hamburg,18,2,0,16,0,0,1472,1741
koszykówka,EuroCup,2025-26,2026-02-11,Beşiktaş,18,13,0,5,0,0,1666,1489
koszykówka,EuroCup,2025-26,2026-02-11,JL Bourg,18,13,0,5,0,0,1495,1383
koszykówka,EuroCup,2025-26,2026-02-11,Budućnost Podgorica,18,12,0,6,0,0,1598,1461
koszykówka,EuroCup,2025-26,2026-02-11,Türk Telekom,18,12,0,6,0,0,1562,1352
koszykówka,EuroCup,2025-26,2026-02-11,Aquila Basket Trento,18,11,0,7,0,0,1486,1513
koszykówka,EuroCup,2025-26,2026-02-11,Niners Chemnitz,18,9,0,9,0,0,1449,1458
koszykówka,EuroCup,2025-26,2026-02-11,Ratiopharm Ulm,18,7,0,11,0,0,1470,1622
koszykówka,EuroCup,2025-26,2026-02-11,London Lions,18,5,0,13,0,0,1335,1437
koszykówka,EuroCup,2025-26,2026-02-11,Lietkabelis,18,5,0,13,0,0,1415,1502
koszykówka,EuroCup,2025-26,2026-02-11,Panionios,18,3,0,15,0,0,1349,1608
koszykówka,Lega A,2025-26,2026-05-10,Virtus Bologna,28,23,0,5,0,0,2419,2212
koszykówka,Lega A,2025-26,2026-05-10,Pallacanestro Brescia,28,21,0,7,0,0,2493,2351
koszykówka,Lega A,2025-26,2026-05-10,Olimpia Milano,28,20,0,8,0,0,2434,2247
koszykówka,Lega A,2025-26,2026-05-10,Reyer Venezia,28,19,0,9,0,0,2522,2381
koszykówka,Lega A,2025-26,2026-05-10,Derthona Tortona,28,17,0,11,0,0,2418,2375
koszykówka,Lega A,2025-26,2026-05-10,Pallacanestro Reggiana,28,15,0,13,0,0,2347,2245
koszykówka,Lega A,2025-26,2026-05-10,Pallacanestro Trieste,28,13,0,15,0,0,2350,2443
koszykówka,Lega A,2025-26,2026-05-10,Aquila Basket Trento,28,12,0,16,0,0,2378,2371
koszykówka,Lega A,2025-26,2026-05-10,Pallacanestro Varese,28,12,0,16,0,0,2355,2460
koszykówka,Lega A,2025-26,2026-05-10,Napoli Basket,28,11,0,17,0,0,2366,2424
koszykówka,Lega A,2025-26,2026-05-10,Vanoli Cremona,28,11,0,17,0,0,2307,2402
koszykówka,Lega A,2025-26,2026-05-10,Universo Treviso Basket,28,10,0,18,0,0,2341,2494
koszykówka,Lega A,2025-26,2026-05-10,APU Udine,28,10,0,18,0,0,2280,2340
koszykówka,Lega A,2025-26,2026-05-10,Pallacanestro Cantù,28,9,0,19,0,0,2369,2486
koszykówka,Lega A,2025-26,2026-05-10,Dinamo Sassari,28,7,0,21,0,0,2373,2521
koszykówka,BBL,2025-26,2026-05-10,Bayern Munich,34,29,0,5,0,0,2980,2530
koszykówka,BBL,2025-26,2026-05-10,Alba Berlin,34,24,0,10,0,0,2918,2648
koszykówka,BBL,2025-26,2026-05-10,Bamberg Baskets,34,24,0,10,0,0,3055,2777
koszykówka,BBL,2025-26,2026-05-10,Telekom Baskets Bonn,34,21,0,13,0,0,2853,2731
koszykówka,BBL,2025-26,2026-05-10,Würzburg Baskets,34,20,0,14,0,0,2780,2727
koszykówka,BBL,2025-26,2026-05-10,Ratiopharm Ulm,34,19,0,15,0,0,2817,2665
koszykówka,BBL,2025-26,2026-05-10,Rasta Vechta,34,17,0,17,0,0,3064,3009
koszykówka,BBL,2025-26,2026-05-10,Gladiators Trier,34,17,0,17,0,0,3073,3171
koszykówka,BBL,2025-26,2026-05-10,Rostock Seawolves,34,17,0,17,0,0,2849,2796
koszykówka,BBL,2025-26,2026-05-10,MHP Riesen Ludwigsburg,34,17,0,17,0,0,2801,2786
koszykówka,BBL,2025-26,2026-05-10,EWE Baskets Oldenburg,34,16,0,18,0,0,2826,2866
koszykówka,BBL,2025-26,2026-05-10,Niners Chemnitz,34,16,0,18,0,0,2839,2913
koszykówka,BBL,2025-26,2026-05-10,Syntainics MBC,34,13,0,21,0,0,2874,2965
koszykówka,BBL,2025-26,2026-05-10,Veolia Towers Hamburg,34,13,0,21,0,0,2881,3004
koszykówka,BBL,2025-26,2026-05-10,Skyliners Frankfurt,34,12,0,22,0,0,2750,2928
koszykówka,BBL,2025-26,2026-05-10,Science City Jena,34,12,0,22,0,0,2756,3084
koszykówka,BBL,2025-26,2026-05-10,Basketball Löwen Braunschweig,34,10,0,24,0,0,2821,3070
koszykówka,BBL,2025-26,2026-05-10,MLP Academics Heidelberg,34,9,0,25,0,0,2676,2943
koszykówka,LNB,2025-26,2026-05-16,Paris Basketball,30,22,0,8,0,0,2973,2577
koszykówka,LNB,2025-26,2026-05-16,AS Monaco,29,22,0,7,0,0,2830,2622
koszykówka,LNB,2025-26,2026-05-16,Nanterre 92,30,21,0,9,0,0,2599,2431
koszykówka,LNB,2025-26,2026-05-16,ASVEL,30,20,0,10,0,0,2625,2399
koszykówka,LNB,2025-26,2026-05-16,Cholet Basket,30,19,0,11,0,0,2631,2514
koszykówka,LNB,2025-26,2026-05-16,Le Mans Sarthe,30,19,0,11,0,0,2705,2567
koszykówka,LNB,2025-26,2026-05-16,JL Bourg,30,18,0,12,0,0,2622,2515
koszykówka,LNB,2025-26,2026-05-16,SIG Strasbourg,30,17,0,13,0,0,2596,2596
koszykówka,LNB,2025-26,2026-05-16,Élan Chalon,30,16,0,14,0,0,2597,2554
koszykówka,LNB,2025-26,2026-05-16,SLUC Nancy,30,13,0,17,0,0,2571,2607
koszykówka,LNB,2025-26,2026-05-16,JDA Dijon,30,12,0,18,0,0,2704,2721
koszykówka,LNB,2025-26,2026-05-16,Boulazac Basket Dordogne,30,12,0,18,0,0,2474,2524
koszykówka,LNB,2025-26,2026-05-16,Limoges CSP,30,11,0,19,0,0,2506,2651
koszykówka,LNB,2025-26,2026-05-16,BCM Gravelines-Dunkerque,30,8,0,22,0,0,2478,2709
koszykówka,LNB,2025-26,2026-05-16,Saint-Quentin,30,8,0,22,0,0,2426,2596
koszykówka,LNB,2025-26,2026-05-16,ESSM Le Portel,29,0,0,29,0,0,2174,2928
siatkówka,PlusLiga,2025-26,2026-03-16,Aluron CMC Warta Zawiercie,26,21,0,5,0,0,68,27
siatkówka,PlusLiga,2025-26,2026-03-16,PGE Projekt Warsaw,26,19,0,7,0,0,60,33
siatkówka,PlusLiga,2025-26,2026-03-16,Bogdanka LUK Lublin,26,18,0,8,0,0,64,40
siatkówka,PlusLiga,2025-26,2026-03-16,Asseco Resovia,26,18,0,8,0,0,61,36
siatkówka,PlusLiga,2025-26,2026-03-16,Indykpol AZS Olsztyn,26,16,0,10,0,0,60,48
siatkówka,PlusLiga,2025-26,2026-03-16,PGE GiEK Skra Belchatow,26,15,0,11,0,0,52,46
siatkówka,PlusLiga,2025-26,2026-03-16,Jastrzebski Wegiel,26,15,0,11,0,0,52,47
siatkówka,PlusLiga,2025-26,2026-03-16,Zaksa Kedzierzyn-Kozle,26,12,0,14,0,0,59,57
siatkówka,PlusLiga,2025-26,2026-03-16,Energa Trefl Gdansk,26,14,0,12,0,0,55,52
siatkówka,PlusLiga,2025-26,2026-03-16,Slepsk Malow Suwalki,26,8,0,18,0,0,41,63
siatkówka,PlusLiga,2025-26,2026-03-16,Barkom-Kazhany Lviv,26,8,0,18,0,0,39,66
siatkówka,PlusLiga,2025-26,2026-03-16,Cuprum Stilon Gorzow,26,7,0,19,0,0,39,63
siatkówka,PlusLiga,2025-26,2026-03-16,Inpost ChKS Chelm,26,7,0,19,0,0,32,65
siatkówka,PlusLiga,2025-26,2026-03-16,Norwid Czestochowa,26,4,0,22,0,0,32,71
siatkówka,SuperLega,2025-26,2026-03-08,Sir Susa Scai Perugia,22,20,0,2,0,0,63,20
siatkówka,SuperLega,2025-26,2026-03-08,Rana Verona,22,17,0,5,0,0,53,24
siatkówka,SuperLega,2025-26,2026-03-08,Itas Trentino,22,16,0,6,0,0,55,25
siatkówka,SuperLega,2025-26,2026-03-08,Valsa Group Modena,22,16,0,6,0,0,54,32
siatkówka,SuperLega,2025-26,2026-03-08,Gas Sales Bluenergy Piacenza,22,13,0,9,0,0,54,32
siatkówka,SuperLega,2025-26,2026-03-08,Cucine Lube Civitanova,22,13,0,9,0,0,50,35
siatkówka,SuperLega,2025-26,2026-03-08,Allianz Milano,22,11,0,11,0,0,38,42
siatkówka,SuperLega,2025-26,2026-03-08,Mint Vero Volley Monza,22,8,0,14,0,0,32,48
siatkówka,SuperLega,2025-26,2026-03-08,Sonepar Padova,22,8,0,14,0,0,31,56
siatkówka,SuperLega,2025-26,2026-03-08,Cisterna Volley,22,5,0,17,0,0,26,58
siatkówka,SuperLega,2025-26,2026-03-08,MA Acqua S.Bernardo Cuneo,22,4,0,18,0,0,23,56
siatkówka,SuperLega,2025-26,2026-03-08,Yuasa Battery Grottazzolina,22,1,0,21,0,0,14,65
siatkówka,CEV CL,2025-26,2026-02-18,Ziraat Bankkart Ankara,6,6,0,0,0,0,18,3
siatkówka,CEV CL,2025-26,2026-02-18,Itas Trentino,6,4,0,2,0,0,13,10
siatkówka,CEV CL,2025-26,2026-02-18,ACH Volley Ljubljana,6,1,0,5,0,0,6,15
siatkówka,CEV CL,2025-26,2026-02-18,Tours VB,6,1,0,5,0,0,8,17
siatkówka,CEV CL,2025-26,2026-02-18,Bogdanka LUK Lublin,6,6,0,0,0,0,18,7
siatkówka,CEV CL,2025-26,2026-02-18,Knack Roeselare,6,3,0,3,0,0,15,14
siatkówka,CEV CL,2025-26,2026-02-18,Galatasaray HDI,6,2,0,4,0,0,11,15
siatkówka,CEV CL,2025-26,2026-02-18,Halkbank Ankara,6,1,0,5,0,0,9,17
siatkówka,CEV CL,2025-26,2026-02-18,Sir Sicoma Monini Perugia,6,6,0,0,0,0,18,4
siatkówka,CEV CL,2025-26,2026-02-18,Guaguas Las Palmas,6,3,0,3,0,0,12,14
siatkówka,CEV CL,2025-26,2026-02-18,Berlin Recycling Volleys,6,3,0,3,0,0,10,12
siatkówka,CEV CL,2025-26,2026-02-18,Lvi Praha,6,0,0,6,0,0,8,18
siatkówka,CEV CL,2025-26,2026-02-18,Aluron CMC Warta Zawiercie,6,5,0,1,0,0,15,4
siatkówka,CEV CL,2025-26,2026-02-18,Asseco Resovia,6,3,0,3,0,0,12,9
siatkówka,CEV CL,2025-26,2026-02-18,SVG Luneburg,6,2,0,4,0,0,7,14
siatkówka,CEV CL,2025-26,2026-02-18,Sporting CP,6,2,0,4,0,0,7,14
siatkówka,CEV CL,2025-26,2026-02-18,Cucine Lube Civitanova,6,5,0,1,0,0,17,5
siatkówka,CEV CL,2025-26,2026-02-18,Montpellier HSC VB,6,4,0,2,0,0,12,10
siatkówka,CEV CL,2025-26,2026-02-18,PGE Projekt Warsaw,6,3,0,3,0,0,13,11
siatkówka,CEV CL,2025-26,2026-02-18,Volley Haasrode Leuven,6,0,0,6,0,0,2,18
siatkówka,Bundesliga,2025-26,2026-03-22,SVG Luneburg,28,26,0,2,0,0,79,24
siatkówka,Bundesliga,2025-26,2026-03-22,Berlin Recycling Volleys,28,25,0,3,0,0,77,22
siatkówka,Bundesliga,2025-26,2026-03-22,VfB Friedrichshafen,28,23,0,5,0,0,73,22
siatkówka,Bundesliga,2025-26,2026-03-22,SWD Powervolleys Dueren,28,22,0,6,0,0,76,31
siatkówka,Bundesliga,2025-26,2026-03-22,Helios Grizzlys Giesen,28,19,0,9,0,0,63,43
siatkówka,Bundesliga,2025-26,2026-03-22,Barock Volleys MTV Ludwigsburg,28,15,0,13,0,0,50,49
siatkówka,Bundesliga,2025-26,2026-03-22,Netzhoppers Koenigs Wusterhausen,28,13,0,15,0,0,53,51
siatkówka,Bundesliga,2025-26,2026-03-22,WWK Volleys Herrsching,28,14,0,14,0,0,54,54
siatkówka,Bundesliga,2025-26,2026-03-22,FT 1844 Freiburg,28,13,0,15,0,0,49,58
siatkówka,Bundesliga,2025-26,2026-03-22,Baden Volleys SSC Karlsruhe,28,10,0,18,0,0,41,62
siatkówka,Bundesliga,2025-26,2026-03-22,TSV Haching Muenchen,28,9,0,19,0,0,41,64
siatkówka,Bundesliga,2025-26,2026-03-22,ASV Dachau,28,7,0,21,0,0,41,65
siatkówka,Bundesliga,2025-26,2026-03-22,SV Warnemuende,28,6,0,22,0,0,33,69
siatkówka,Bundesliga,2025-26,2026-03-22,Volley Goats Mitteldeutschland,28,6,0,22,0,0,27,75
siatkówka,Bundesliga,2025-26,2026-03-22,VCO Berlin,28,2,0,26,0,0,13,81
piłka ręczna,Superliga PL,2025-26,2026-04-16,Orlen Wisła Płock,24,23,1,0,0,0,866,577
piłka ręczna,Superliga PL,2025-26,2026-04-16,Industria Kielce,24,22,1,1,0,0,938,620
piłka ręczna,Superliga PL,2025-26,2026-04-16,Ostrovia Ostrów Wielkopolski,24,16,1,7,0,0,690,645
piłka ręczna,Superliga PL,2025-26,2026-04-16,PGE Wybrzeże Gdańsk,24,15,2,7,0,0,787,734
piłka ręczna,Superliga PL,2025-26,2026-04-16,Chrobry Głogów,24,14,0,10,0,0,686,697
piłka ręczna,Superliga PL,2025-26,2026-04-16,MMTS Kwidzyn,24,11,3,10,0,0,712,737
piłka ręczna,Superliga PL,2025-26,2026-04-16,MKS Kalisz,24,11,1,12,0,0,678,707
piłka ręczna,Superliga PL,2025-26,2026-04-16,Stal Mielec,24,9,3,12,0,0,633,712
piłka ręczna,Superliga PL,2025-26,2026-04-16,KPR Legionowo,24,9,2,13,0,0,662,680
piłka ręczna,Superliga PL,2025-26,2026-04-16,Gwardia Opole,24,9,0,15,0,0,672,726
piłka ręczna,Superliga PL,2025-26,2026-04-16,Piotrkowianin Piotrków Trybunalski,24,3,3,18,0,0,636,782
piłka ręczna,Superliga PL,2025-26,2026-04-16,KS Puławy,24,2,2,20,0,0,686,884
piłka ręczna,Superliga PL,2025-26,2026-04-16,Zagłębie Lubin,24,1,3,20,0,0,662,807
piłka ręczna,HBL,2025-26,2026-06-07,SC Magdeburg,34,31,2,1,0,0,1115,934
piłka ręczna,HBL,2025-26,2026-06-07,Füchse Berlin,34,27,1,6,0,0,1221,1030
piłka ręczna,HBL,2025-26,2026-06-07,SG Flensburg-Handewitt,34,24,3,7,0,0,1200,1084
piłka ręczna,HBL,2025-26,2026-06-07,VfL Gummersbach,34,23,4,7,0,0,1067,942
piłka ręczna,HBL,2025-26,2026-06-07,TBV Lemgo Lippe,34,19,4,11,0,0,1021,977
piłka ręczna,HBL,2025-26,2026-06-07,THW Kiel,34,17,8,9,0,0,1043,1010
piłka ręczna,HBL,2025-26,2026-06-07,MT Melsungen,34,17,5,12,0,0,1002,1000
piłka ręczna,HBL,2025-26,2026-06-07,Rhein-Neckar Löwen,34,17,3,14,0,0,1024,981
piłka ręczna,HBL,2025-26,2026-06-07,Frisch Auf Göppingen,34,13,7,14,0,0,958,995
piłka ręczna,HBL,2025-26,2026-06-07,HSV Hamburg,34,15,1,18,0,0,1065,1086
piłka ręczna,HBL,2025-26,2026-06-07,TSV Hannover-Burgdorf,34,11,7,16,0,0,1015,1027
piłka ręczna,HBL,2025-26,2026-06-07,TVB Stuttgart,34,10,8,16,0,0,998,1035
piłka ręczna,HBL,2025-26,2026-06-07,Bergischer HC,34,9,4,21,0,0,980,1071
piłka ręczna,HBL,2025-26,2026-06-07,ThSV Eisenach,34,8,5,21,0,0,985,1058
piłka ręczna,HBL,2025-26,2026-06-07,HC Erlangen,34,7,5,22,0,0,936,1013
piłka ręczna,HBL,2025-26,2026-06-07,HSG Wetzlar,34,7,3,24,0,0,969,1070
piłka ręczna,HBL,2025-26,2026-06-07,GWD Minden,34,6,5,23,0,0,942,1090
piłka ręczna,HBL,2025-26,2026-06-07,SC DHfK Leipzig,34,4,7,23,0,0,942,1080
piłka ręczna,ASOBAL,2025-26,2026-05-31,Barcelona,30,30,0,0,0,0,1204,799
piłka ręczna,ASOBAL,2025-26,2026-05-31,BM Logroño La Rioja,30,20,3,7,0,0,950,892
piłka ręczna,ASOBAL,2025-26,2026-05-31,BM Granollers,30,21,1,8,0,0,952,897
piłka ręczna,ASOBAL,2025-26,2026-05-31,Bidasoa Irún,30,20,2,8,0,0,960,902
piłka ręczna,ASOBAL,2025-26,2026-05-31,BM Torrelavega,30,19,3,8,0,0,949,889
piłka ręczna,ASOBAL,2025-26,2026-05-31,Atlético Valladolid,30,15,3,12,0,0,871,882
piłka ręczna,ASOBAL,2025-26,2026-05-31,Ademar León,30,12,7,11,0,0,918,928
piłka ręczna,ASOBAL,2025-26,2026-05-31,BM Ciudad Real,30,12,3,15,0,0,874,929
piłka ręczna,ASOBAL,2025-26,2026-05-31,BM Alicante,30,12,2,16,0,0,912,944
piłka ręczna,ASOBAL,2025-26,2026-05-31,Villa de Aranda,30,11,1,18,0,0,866,909
piłka ręczna,ASOBAL,2025-26,2026-05-31,BM Cuenca,30,10,3,17,0,0,851,921
piłka ręczna,ASOBAL,2025-26,2026-05-31,Frigoríficos del Morrazo,30,10,2,18,0,0,838,895
piłka ręczna,ASOBAL,2025-26,2026-05-31,Ángel Ximénez Puente Genil,30,8,3,19,0,0,842,916
piłka ręczna,ASOBAL,2025-26,2026-05-31,BM Nava,30,9,1,20,0,0,881,948
piłka ręczna,ASOBAL,2025-26,2026-05-31,Bada Huesca,30,7,3,20,0,0,880,981
piłka ręczna,ASOBAL,2025-26,2026-05-31,BM Guadalajara,30,4,3,23,0,0,877,993
piłka ręczna,EHF CL,2025-26,2026-03-12,Füchse Berlin,14,11,0,3,0,0,470,433
piłka ręczna,EHF CL,2025-26,2026-03-12,Aalborg Håndbold,14,10,1,3,0,0,457,407
piłka ręczna,EHF CL,2025-26,2026-03-12,Industria Kielce,14,8,1,5,0,0,456,451
piłka ręczna,EHF CL,2025-26,2026-03-12,HBC Nantes,14,8,0,6,0,0,456,416
piłka ręczna,EHF CL,2025-26,2026-03-12,One Veszprém,14,7,0,7,0,0,471,449
piłka ręczna,EHF CL,2025-26,2026-03-12,Sporting CP,14,7,0,7,0,0,465,476
piłka ręczna,EHF CL,2025-26,2026-03-12,Dinamo București,14,2,0,12,0,0,395,430
piłka ręczna,EHF CL,2025-26,2026-03-12,Kolstad Håndball,14,2,0,12,0,0,386,494
piłka ręczna,EHF CL,2025-26,2026-03-12,Barcelona,14,13,0,1,0,0,492,382
piłka ręczna,EHF CL,2025-26,2026-03-12,SC Magdeburg,14,11,1,2,0,0,457,408
piłka ręczna,EHF CL,2025-26,2026-03-12,Orlen Wisła Płock,14,8,2,4,0,0,424,410
piłka ręczna,EHF CL,2025-26,2026-03-12,Paris Saint-Germain,14,6,1,7,0,0,446,436
piłka ręczna,EHF CL,2025-26,2026-03-12,GOG Håndbold,14,6,1,7,0,0,443,468
piłka ręczna,EHF CL,2025-26,2026-03-12,Pick Szeged,14,5,1,8,0,0,428,424
piłka ręczna,EHF CL,2025-26,2026-03-12,Eurofarm Pelister,14,2,2,10,0,0,369,447
piłka ręczna,EHF CL,2025-26,2026-03-12,RK Zagreb,14,1,0,13,0,0,375,459
piłka ręczna,LNH,2025-26,2026-06-06,Paris Saint-Germain,30,29,1,0,0,0,1041,841
piłka ręczna,LNH,2025-26,2026-06-06,HBC Nantes,30,26,3,1,0,0,1090,907
piłka ręczna,LNH,2025-26,2026-06-06,Montpellier Handball,30,21,1,8,0,0,1017,909
piłka ręczna,LNH,2025-26,2026-06-06,Limoges Handball,30,19,2,9,0,0,997,956
piłka ręczna,LNH,2025-26,2026-06-06,Chambéry Savoie Mont Blanc,30,16,5,9,0,0,962,947
piłka ręczna,LNH,2025-26,2026-06-06,Saint-Raphaël Var Handball,30,18,1,11,0,0,971,948
piłka ręczna,LNH,2025-26,2026-06-06,Fenix Toulouse,30,15,1,14,0,0,910,907
piłka ręczna,LNH,2025-26,2026-06-06,Tremblay-en-France Handball,30,13,3,14,0,0,982,995
piłka ręczna,LNH,2025-26,2026-06-06,Pays d'Aix UC,30,13,3,14,0,0,908,890
piłka ręczna,LNH,2025-26,2026-06-06,Cesson-Rennes Métropole HB,30,12,1,17,0,0,937,953
piłka ręczna,LNH,2025-26,2026-06-06,USAM Nîmes Gard,30,9,3,18,0,0,891,936
piłka ręczna,LNH,2025-26,2026-06-06,Sélestat Alsace Handball,30,7,3,20,0,0,905,966
piłka ręczna,LNH,2025-26,2026-06-06,Dunkerque HGL,30,6,4,20,0,0,816,931
piłka ręczna,LNH,2025-26,2026-06-06,Chartres Métropole Handball,30,6,3,21,0,0,864,987
piłka ręczna,LNH,2025-26,2026-06-06,Istres Provence Handball,30,6,2,22,0,0,850,965
piłka ręczna,LNH,2025-26,2026-06-06,Dijon Métropole Handball,30,5,2,23,0,0,866,969
